estado,hospitales,con_camas
AS,1,0
MP,1,1
PW,1,0
VI,2,2
GU,3,3
DC,15,14
DE,15,13
VT,17,15
RI,20,16
HI,28,26
AK,32,26
NH,35,31
WY,36,32
CT,41,36
ME,42,38
ID,55,48
ND,56,49
NM,63,53
UT,67,54
MT,68,60
MD,69,63
OR,70,65
WV,70,64
NV,71,61
SD,71,61
PR,73,56
SC,105,85
NE,106,94
AR,112,97
CO,113,99
MS,116,102
WA,124,102
KY,127,110
VA,130,111
AL,130,114
NJ,134,99
MA,134,98
IA,134,117
AZ,135,113
MN,138,130
NC,151,128
TN,156,131
OK,160,145
KS,163,149
WI,163,144
MO,167,142
MI,175,153
IN,180,158
GA,192,164
IL,218,194
LA,237,190
NY,261,206
PA,264,231
OH,272,235
FL,350,305
CA,546,440
TX,739,591
