GID_1,NAME_1,area_km2,n_instalaciones,poblacion,inst_por_100k_hab,dist_media_vecino_km
GTM.21_1,Totonicapán,1077.25,8,500410.36,1.6,3.65
GTM.17_1,SanMarcos,3541.66,29,1267471.17,2.29,1.21
GTM.5_1,ElProgreso,1687.94,5,207576.94,2.41,3.01
GTM.11_1,Jutiapa,3351.32,16,605037.03,2.64,2.99
GTM.18_1,SantaRosa,3023.9,15,480645.38,3.12,3.53
GTM.2_1,BajaVerapaz,2821.31,11,337661.24,3.26,7.16
GTM.22_1,Zacapa,2727.04,10,295284.79,3.39,1.01
GTM.10_1,Jalapa,1972.96,15,431158.16,3.48,2.01
GTM.14_1,Quiché,7231.63,42,1186660.45,3.54,1.48
GTM.1_1,AltaVerapaz,10061.75,56,1437768.43,3.89,2.42
GTM.8_1,Huehuetenango,7649.05,63,1545825.9,4.08,1.18
GTM.9_1,Izabal,8806.39,23,520862.73,4.42,4.89
GTM.12_1,Petén,36221.64,57,685989.04,8.31,2.82
GTM.4_1,Chiquimula,2390.25,40,480265.28,8.33,0.85
GTM.3_1,Chimaltenango,1884.38,76,813964.29,9.34,0.63
GTM.6_1,Escuintla,4776.9,90,901922.13,9.98,0.77
GTM.20_1,Suchitepéquez,2080.01,70,661128.38,10.59,0.67
GTM.13_1,Quezaltenango,2130.1,158,995729.97,15.87,0.19
GTM.19_1,Sololá,1179.24,111,524132.35,21.18,0.25
GTM.15_1,Retalhuleu,1920.88,92,417038.77,22.06,0.88
GTM.7_1,Guatemala,2214.57,958,3807436.77,25.16,0.17
GTM.16_1,Sacatepéquez,556.96,113,443556.46,25.48,0.21
