GID_2,label,cov_frac,cat
GTM.1.1_1,Chahal (AltaVerapaz),0.0,0
GTM.1.2_1,Chisec (AltaVerapaz),0.11710647708235976,1
GTM.1.3_1,Cobán (AltaVerapaz),0.3273051334130724,1
GTM.1.4_1,FrayBartolomédelasCasas (AltaVerapaz),0.0,0
GTM.1.5_1,Lanquín (AltaVerapaz),0.896787293163376,1
GTM.1.6_1,Panzós (AltaVerapaz),0.3909164202807437,1
GTM.1.7_1,SanCristóbalVerapaz (AltaVerapaz),0.43312168451985833,1
GTM.1.8_1,SanJuanChamelco (AltaVerapaz),0.905375445295273,1
GTM.1.9_1,SanPedroCarchá (AltaVerapaz),0.23377713757355245,1
GTM.1.10_1,SantaCruzVerapaz (AltaVerapaz),0.9999999999999996,2
GTM.1.11_1,SantaMaríaCahabón (AltaVerapaz),0.07543091107277163,1
GTM.1.12_1,Senahú (AltaVerapaz),0.621708403086793,1
GTM.1.13_1,Tactic (AltaVerapaz),1.0,2
GTM.1.14_1,Tamahú (AltaVerapaz),1.0000000000000004,2
GTM.1.15_1,Tucurú (AltaVerapaz),0.9376775408479864,1
GTM.2.1_1,Cubulco (BajaVerapaz),0.6681323873537364,1
GTM.2.2_1,Granados (BajaVerapaz),0.02490699852245158,1
GTM.2.3_1,Purulhá (BajaVerapaz),0.9673824813591932,1
GTM.2.4_1,Rabinal (BajaVerapaz),0.6347142631336236,1
GTM.2.5_1,Salamá (BajaVerapaz),0.486529079076613,1
GTM.2.6_1,SanJerónimo (BajaVerapaz),0.6413528986127441,1
GTM.2.7_1,SanMiguelChicaj (BajaVerapaz),0.32624176751862516,1
GTM.2.8_1,SantaCruzElChol (BajaVerapaz),0.007535562317926772,1
GTM.3.1_1,Acatenango (Chimaltenango),0.9978235837850769,1
GTM.3.2_1,Chimaltenango (Chimaltenango),1.0,2
GTM.3.3_1,Comalapa (Chimaltenango),1.0000000000000009,2
GTM.3.4_1,ElTejar (Chimaltenango),1.0000000000000002,2
GTM.3.5_1,Parramos (Chimaltenango),0.9999999999999997,2
GTM.3.6_1,Patzicía (Chimaltenango),1.0000000000000002,2
GTM.3.7_1,Patzún (Chimaltenango),0.6407186156660148,1
GTM.3.8_1,Pochuta (Chimaltenango),0.3716551470725544,1
GTM.3.9_1,SanAndrésItzapa (Chimaltenango),1.0,2
GTM.3.10_1,SanJoséPoaquil (Chimaltenango),0.9242576391763833,1
GTM.3.11_1,SanMartínJilotepeque (Chimaltenango),0.3762940733490877,1
GTM.3.12_1,SantaApolonia (Chimaltenango),1.0000000000000002,2
GTM.3.13_1,SantaCruzBalanyá (Chimaltenango),1.0000000000000002,2
GTM.3.14_1,TecpánGuatemala (Chimaltenango),0.9223688343574167,1
GTM.3.15_1,Yepocapa (Chimaltenango),0.9010422136565093,1
GTM.3.16_1,Zaragoza (Chimaltenango),0.9999999999999999,2
GTM.4.1_1,Camotán (Chiquimula),0.29857314797333095,1
GTM.4.2_1,Chiquimula (Chiquimula),0.7520529819077734,1
GTM.4.3_1,ConcepciónLasMinas (Chiquimula),0.9306851951991076,1
GTM.4.4_1,Esquipulas (Chiquimula),0.4344109522736375,1
GTM.4.5_1,Ipala (Chiquimula),0.8972982472250418,1
GTM.4.6_1,Jocotán (Chiquimula),0.7798656485360937,1
GTM.4.7_1,Olopa (Chiquimula),0.08775989382904517,1
GTM.4.8_1,Quezaltepeque (Chiquimula),0.985429733259588,1
GTM.4.9_1,SanJacinto (Chiquimula),0.8529047660137999,1
GTM.4.10_1,SanJoséLaArada (Chiquimula),0.6473900655855688,1
GTM.4.11_1,SanJuanErmita (Chiquimula),0.9999999999999998,2
GTM.5.1_1,ElJícaro (ElProgreso),0.08468160856899408,1
GTM.5.2_1,Guastatoya (ElProgreso),0.9160063635798843,1
GTM.5.3_1,Morazán (ElProgreso),0.9170872784186153,1
GTM.5.4_1,SanAgustínAcasaguastlán (ElProgreso),0.16818847389330277,1
GTM.5.5_1,SanAntonioLaPaz (ElProgreso),0.6505955106629508,1
GTM.5.6_1,SanCristóbalAcasaguastlán (ElProgreso),0.0,0
GTM.5.7_1,Sanarate (ElProgreso),0.6832396870416068,1
GTM.5.8_1,Sansare (ElProgreso),0.6428490785480917,1
GTM.6.1_1,Escuintla (Escuintla),0.7982595158130937,1
GTM.6.2_1,Guanagazapa (Escuintla),0.002031860329323682,1
GTM.6.3_1,Iztapa (Escuintla),0.8236636608374196,1
GTM.6.4_1,LaDemocracia (Escuintla),0.5841271934517202,1
GTM.6.5_1,LaGomera (Escuintla),0.6990710934478079,1
GTM.6.6_1,Masagua (Escuintla),0.42891482836945743,1
GTM.6.7_1,NuevaConcepción (Escuintla),0.47109683444324196,1
GTM.6.8_1,Palín (Escuintla),0.7644857798459503,1
GTM.6.9_1,SanJosé (Escuintla),0.5822402308962797,1
GTM.6.10_1,SanVicentePacaya (Escuintla),0.38910353803932896,1
GTM.6.11_1,SantaLucíaCotzumalguapa (Escuintla),0.8175366633696917,1
GTM.6.12_1,Siquinalá (Escuintla),0.997199297122035,1
GTM.6.13_1,Tiquisate (Escuintla),0.23503739048688685,1
GTM.7.1_1,Amatitlán (Guatemala),0.9999999999999997,2
GTM.7.2_1,Chinautla (Guatemala),1.0000000000000002,2
GTM.7.3_1,Chuarrancho (Guatemala),0.03939732736668927,1
GTM.7.4_1,Fraijanes (Guatemala),1.0000000000000002,2
GTM.7.5_1,Mixco (Guatemala),1.0000000000000004,2
GTM.7.6_1,Palencia (Guatemala),0.790524949874863,1
GTM.7.7_1,Petapa (Guatemala),1.0,2
GTM.7.8_1,SanJosédelGolfo (Guatemala),0.34003027511003153,1
GTM.7.9_1,SanJoséPinula (Guatemala),0.7325455259015059,1
GTM.7.10_1,SanJuanSacatepéquez (Guatemala),0.8696703533406351,1
GTM.7.11_1,SanPedroAyampuc (Guatemala),0.9455437003357247,1
GTM.7.12_1,SanPedroSacatepéquez (Guatemala),1.0000000000000004,2
GTM.7.13_1,SanRaymundo (Guatemala),0.7963769738667438,1
GTM.7.14_1,SantaCatarinaPinula (Guatemala),0.9999999999999997,2
GTM.7.15_1,VillaCanales (Guatemala),0.8090612887619966,1
GTM.7.16_1,VillaNueva (Guatemala),0.9999999999999998,2
GTM.7.17_1,ZONA1 (Guatemala),1.0,2
GTM.7.18_1,ZONA10 (Guatemala),0.9999999999999997,2
GTM.7.19_1,ZONA11 (Guatemala),1.0,2
GTM.7.20_1,ZONA12 (Guatemala),1.0000000000000002,2
GTM.7.21_1,ZONA13 (Guatemala),0.9999999999999999,2
GTM.7.22_1,ZONA14 (Guatemala),1.0000000000000002,2
GTM.7.23_1,ZONA15 (Guatemala),1.0000000000000007,2
GTM.7.24_1,ZONA16 (Guatemala),1.0,2
GTM.7.25_1,ZONA17 (Guatemala),1.0,2
GTM.7.26_1,ZONA18 (Guatemala),1.0000000000000004,2
GTM.7.27_1,ZONA19 (Guatemala),0.9999999999999999,2
GTM.7.28_1,ZONA2 (Guatemala),0.9999999999999998,2
GTM.7.29_1,ZONA22 (Guatemala),1.0,2
GTM.7.30_1,ZONA24 (Guatemala),1.0000000000000004,2
GTM.7.31_1,ZONA25 (Guatemala),1.0000000000000002,2
GTM.7.32_1,ZONA3 (Guatemala),1.0,2
GTM.7.33_1,ZONA4 (Guatemala),1.0,2
GTM.7.34_1,ZONA5 (Guatemala),1.0000000000000004,2
GTM.7.35_1,ZONA6 (Guatemala),1.0,2
GTM.7.36_1,ZONA7 (Guatemala),0.9999999999999999,2
GTM.7.37_1,ZONA8 (Guatemala),1.0,2
GTM.7.38_1,ZONA9 (Guatemala),0.9999999999999998,2
GTM.8.1_1,Aguacatán (Huehuetenango),0.8170104236716247,1
GTM.8.2_1,Chiantla (Huehuetenango),0.5508119289736624,1
GTM.8.3_1,Colotenango (Huehuetenango),0.0,0
GTM.8.4_1,ConcepciónHuista (Huehuetenango),0.7441352739682703,1
GTM.8.5_1,Cuilco (Huehuetenango),0.14146271174279976,1
GTM.8.6_1,Huehuetenango (Huehuetenango),0.9187997037552716,1
GTM.8.7_1,Jacaltenango (Huehuetenango),0.827301991762657,1
GTM.8.8_1,LaDemocracia (Huehuetenango),0.8393184492469352,1
GTM.8.9_1,LaLibertad (Huehuetenango),0.6335577619299159,1
GTM.8.10_1,Malacatancito (Huehuetenango),0.746223529046759,1
GTM.8.11_1,Nentón (Huehuetenango),0.2932798771470881,1
GTM.8.12_1,SanAntonioHuista (Huehuetenango),1.0000000000000002,2
GTM.8.13_1,SanGasparIxchil (Huehuetenango),0.0,0
GTM.8.14_1,SanIldefonsoIxtahuacán (Huehuetenango),0.0,0
GTM.8.15_1,SanJuanAtitán (Huehuetenango),0.06399984412301514,1
GTM.8.16_1,SanJuanIxcoy (Huehuetenango),0.5949179866519758,1
GTM.8.17_1,SanMateoIxtatán (Huehuetenango),0.15807860403825927,1
GTM.8.18_1,SanMiguelAcatán (Huehuetenango),0.14503141165506586,1
GTM.8.19_1,SanPedroNecta (Huehuetenango),0.3410947228561056,1
GTM.8.20_1,SanRafaelLaIndependencia (Huehuetenango),0.5415250646199864,1
GTM.8.21_1,SanRafaelPetzal (Huehuetenango),0.0,0
GTM.8.22_1,SanSebastiánCoatán (Huehuetenango),0.0,0
GTM.8.23_1,SanSebastiánHuehuetenango (Huehuetenango),0.9153158279527025,1
GTM.8.24_1,SantaAnaHuista (Huehuetenango),1.0,2
GTM.8.25_1,SantaBárbara (Huehuetenango),0.31450609465133983,1
GTM.8.26_1,SantaCruzBarillas (Huehuetenango),0.1105233018263488,1
GTM.8.27_1,SantaEulalia (Huehuetenango),0.3925315997141244,1
GTM.8.28_1,SantiagoChimaltenango (Huehuetenango),0.25108872413680006,1
GTM.8.29_1,Soloma (Huehuetenango),0.8734339509256328,1
GTM.8.30_1,Tectitán (Huehuetenango),0.0,0
GTM.8.31_1,TodosSantosCuchumatán (Huehuetenango),0.41828727020284123,1
GTM.9.1_1,ElEstor (Izabal),0.1581932516395541,1
GTM.9.2_1,Livingston (Izabal),0.2674174390845494,1
GTM.9.3_1,LosAmates (Izabal),0.19736973934094887,1
GTM.9.4_1,Morales (Izabal),0.36130312340642745,1
GTM.9.6_1,PuertoBarrios (Izabal),0.25750951066128275,1
GTM.9.7_1,SanLuis (Izabal),0.4753449320623579,1
GTM.10.1_1,Jalapa (Jalapa),0.6836309504983321,1
GTM.10.2_1,Mataquescuintla (Jalapa),0.08034697598107265,1
GTM.10.3_1,Monjas (Jalapa),0.31565927086428985,1
GTM.10.4_1,SanCarlosAlzatate (Jalapa),0.0,0
GTM.10.5_1,SanLuisJilotepeque (Jalapa),0.9097557547589091,1
GTM.10.6_1,SanManuelChaparrón (Jalapa),0.02318686850513966,1
GTM.10.7_1,SanPedroPinula (Jalapa),0.254980241713761,1
GTM.11.1_1,AguaBlanca (Jutiapa),0.32626141921776297,1
GTM.11.2_1,AsunciónMita (Jutiapa),0.0,0
GTM.11.3_1,Atescatempa (Jutiapa),0.0,0
GTM.11.4_1,Comapa (Jutiapa),0.8416205773244443,1
GTM.11.5_1,Conguaco (Jutiapa),0.8747380152419683,1
GTM.11.6_1,ElAdelanto (Jutiapa),0.0,0
GTM.11.7_1,ElProgreso (Jutiapa),0.989898256972294,1
GTM.11.8_1,Jalpatagua (Jutiapa),1.0000000000000004,2
GTM.11.9_1,Jerez (Jutiapa),0.0,0
GTM.11.10_1,Jutiapa (Jutiapa),0.6854251436020647,1
GTM.11.11_1,Moyuta (Jutiapa),0.23348356549806307,1
GTM.11.12_1,Pasaco (Jutiapa),0.0,0
GTM.11.13_1,Quezada (Jutiapa),0.1265984013759076,1
GTM.11.14_1,SanJoséAcatempa (Jutiapa),0.8100877047715613,1
GTM.11.15_1,SantaCatarinaMita (Jutiapa),0.09454829188279862,1
GTM.11.16_1,Yupiltepeque (Jutiapa),0.0,0
GTM.11.17_1,Zapotitlán (Jutiapa),0.036135427894671335,1
GTM.12.1_1,Dolores (Petén),0.2911701337535164,1
GTM.12.2_1,Flores (Petén),0.14485347349015948,1
GTM.12.3_1,LaLibertad (Petén),0.09010148987169417,1
GTM.12.4_1,MelchordeMencos (Petén),0.07469632730944659,1
GTM.12.5_1,Poptún (Petén),0.2441163801090887,1
GTM.12.6_1,SanAndrés (Petén),0.008063582154233443,1
GTM.12.7_1,SanBenito (Petén),0.8773852493700932,1
GTM.12.8_1,SanFrancisco (Petén),0.5460572214729337,1
GTM.12.9_1,SanJosé (Petén),0.03222877868380205,1
GTM.12.10_1,SanLuis (Petén),0.0046685586308270145,1
GTM.12.11_1,SantaAna (Petén),0.6169014179206967,1
GTM.12.12_1,Sayaxché (Petén),0.1460043005388249,1
GTM.13.1_1,Almolonga (Quezaltenango),1.0000000000000002,2
GTM.13.2_1,Cabricán (Quezaltenango),0.26597908810218673,1
GTM.13.3_1,Cajolá (Quezaltenango),1.0,2
GTM.13.4_1,Cantel (Quezaltenango),0.9999999999999997,2
GTM.13.5_1,Coatepeque (Quezaltenango),0.5876147543705798,1
GTM.13.6_1,Colomba (Quezaltenango),0.5543441465192072,1
GTM.13.7_1,ConcepciónChiquirichapa (Quezaltenango),0.9254972196530552,1
GTM.13.8_1,ElPalmar (Quezaltenango),0.7630018799824718,1
GTM.13.9_1,FloresCostaCuca (Quezaltenango),0.9149746726067306,1
GTM.13.10_1,Génova (Quezaltenango),1.0000000000000004,2
GTM.13.11_1,Huitán (Quezaltenango),0.010827128913657856,1
GTM.13.12_1,LaEsperanza (Quezaltenango),1.0000000000000002,2
GTM.13.13_1,Olintepeque (Quezaltenango),1.0,2
GTM.13.14_1,Ostuncalco (Quezaltenango),0.47862027061503587,1
GTM.13.15_1,PalestinadeLosAltos (Quezaltenango),0.9675213788611068,1
GTM.13.16_1,Quetzaltenango (Quezaltenango),0.9678818103187687,1
GTM.13.17_1,Salcajá (Quezaltenango),0.9999999999999996,2
GTM.13.18_1,SanCarlosSija (Quezaltenango),0.26732029958870324,1
GTM.13.19_1,SanFranciscoLaUnión (Quezaltenango),1.0000000000000004,2
GTM.13.20_1,SanMartínSacatepéquez (Quezaltenango),0.12889737674884943,1
GTM.13.21_1,SanMateo (Quezaltenango),1.0,2
GTM.13.22_1,SanMiguelSigüilá (Quezaltenango),0.9999999999999998,2
GTM.13.23_1,Sibilia (Quezaltenango),0.8865989786771499,1
GTM.13.24_1,Zunil (Quezaltenango),0.947795890089084,1
GTM.14.1_1,Canillá (Quiché),1.0,2
GTM.14.2_1,Chajul (Quiché),0.014295304132143898,1
GTM.14.3_1,Chicaman (Quiché),0.19569265218731377,1
GTM.14.4_1,Chiché (Quiché),0.49713281708786095,1
GTM.14.5_1,Chichicastenango (Quiché),0.9639888326860088,1
GTM.14.6_1,Chinique (Quiché),1.8717381201853534e-05,0
GTM.14.7_1,Cunén (Quiché),0.7854925628370102,1
GTM.14.8_1,Ixcán (Quiché),0.22631364027340045,1
GTM.14.9_1,Joyabaj (Quiché),0.04402637527359384,1
GTM.14.10_1,Nebaj (Quiché),0.17784782644646124,1
GTM.14.11_1,Pachalúm (Quiché),0.0,0
GTM.14.12_1,Patzité (Quiché),0.8055349476031683,1
GTM.14.13_1,Sacapulas (Quiché),0.44691174383371257,1
GTM.14.14_1,SanAndrésSajcabajá (Quiché),0.41690352726549046,1
GTM.14.15_1,SanAntonioIlotenango (Quiché),0.9121155716750083,1
GTM.14.16_1,SanBartoloméJocotenango (Quiché),0.0,0
GTM.14.17_1,SanJuanCotzal (Quiché),0.47232690598228666,1
GTM.14.18_1,SanPedroJocopilas (Quiché),0.49865259063393047,1
GTM.14.19_1,SantaCruzdelQuiché (Quiché),0.9592214358156801,1
GTM.14.20_1,Uspantán (Quiché),0.3135004608983379,1
GTM.14.21_1,Zacualpa (Quiché),0.4405737299823664,1
GTM.15.1_1,Champerico (Retalhuleu),0.8616006599791012,1
GTM.15.2_1,ElAsintal (Retalhuleu),1.0000000000000004,2
GTM.15.3_1,NuevoSanCarlos (Retalhuleu),0.9875659276411832,1
GTM.15.4_1,Retalhuleu (Retalhuleu),0.758305144709492,1
GTM.15.5_1,SanAndrésVillaSeca (Retalhuleu),0.7857412901992995,1
GTM.15.6_1,SanFelipe (Retalhuleu),0.9999999999999997,2
GTM.15.7_1,SanMartínZapotitlán (Retalhuleu),1.0000000000000002,2
GTM.15.8_1,SanSebastián (Retalhuleu),1.0,2
GTM.15.9_1,SantaCruzMuluá (Retalhuleu),0.704786043462742,1
GTM.16.1_1,Alotenango (Sacatepéquez),0.9982454649998304,1
GTM.16.2_1,AntiguaGuatemala (Sacatepéquez),1.0,2
GTM.16.3_1,CiudadVieja (Sacatepéquez),0.9999999999999998,2
GTM.16.4_1,Jocotenango (Sacatepéquez),1.0,2
GTM.16.5_1,MagdalenaMilpasAltas (Sacatepéquez),1.0000000000000002,2
GTM.16.6_1,Pastores (Sacatepéquez),0.9999999999999998,2
GTM.16.7_1,SanAntonioAguasCalientes (Sacatepéquez),1.0000000000000002,2
GTM.16.8_1,SanBartoloméMilpasAltas (Sacatepéquez),1.0,2
GTM.16.9_1,SanLucasSacatepéquez (Sacatepéquez),1.0000000000000002,2
GTM.16.10_1,SanMiguelDueñas (Sacatepéquez),1.0,2
GTM.16.11_1,SantaCatarinaBarahona (Sacatepéquez),0.9999999999999999,2
GTM.16.12_1,SantaLucíaMilpasAltas (Sacatepéquez),0.9999999999999998,2
GTM.16.13_1,SantaMaríadeJesús (Sacatepéquez),1.0,2
GTM.16.14_1,SantiagoSacatepéquez (Sacatepéquez),1.0,2
GTM.16.15_1,SantoDomingoXenacoj (Sacatepéquez),1.0,2
GTM.16.16_1,Sumpango (Sacatepéquez),0.9999999999999997,2
GTM.17.1_1,Ayutla (SanMarcos),0.7199479352582931,1
GTM.17.2_1,Catarina (SanMarcos),0.0,0
GTM.17.3_1,Comitancillo (SanMarcos),0.9998278300195704,2
GTM.17.4_1,ConcepciónTutuapa (SanMarcos),0.2765443757272682,1
GTM.17.5_1,ElQuetzal (SanMarcos),0.6422392122326036,1
GTM.17.6_1,ElRodeo (SanMarcos),0.37199067791436047,1
GTM.17.7_1,ElTumbador (SanMarcos),0.4219782384028739,1
GTM.17.8_1,EsquipulasPaloGordo (SanMarcos),1.0000000000000002,2
GTM.17.9_1,Ixchiguan (SanMarcos),0.7880311894618258,1
GTM.17.10_1,LaReforma (SanMarcos),0.5721630113894992,1
GTM.17.11_1,Malacatán (SanMarcos),0.0,0
GTM.17.12_1,NuevoProgreso (SanMarcos),0.3695350021725812,1
GTM.17.13_1,Ocos (SanMarcos),0.09615523084727005,1
GTM.17.14_1,Pajapita (SanMarcos),0.3855952565629848,1
GTM.17.15_1,RíoBlanco (SanMarcos),0.6753102158154396,1
GTM.17.16_1,SanAntonioSacatepéquez (SanMarcos),0.9841635243039383,1
GTM.17.17_1,SanCristobalCucho (SanMarcos),0.718884511980924,1
GTM.17.18_1,SanJoséOjetenam (SanMarcos),0.4241306579638133,1
GTM.17.19_1,SanLorenzo (SanMarcos),0.9999999999999998,2
GTM.17.20_1,SanMarcos (SanMarcos),0.9380876322467714,1
GTM.17.21_1,SanMiguelIxtahuacán (SanMarcos),0.24147359317887768,1
GTM.17.22_1,SanPablo (SanMarcos),0.6567159360938445,1
GTM.17.23_1,SanPedroSacatepéquez (SanMarcos),0.9991754077773162,2
GTM.17.24_1,SanRafaélPiedelaCuesta (SanMarcos),0.9999999999999999,2
GTM.17.25_1,SanSibinal (SanMarcos),0.0,0
GTM.17.26_1,Sipacapa (SanMarcos),0.11943701988670671,1
GTM.17.27_1,Tacaná (SanMarcos),0.0038158058522051296,1
GTM.17.28_1,Tajumulco (SanMarcos),0.20674044565251967,1
GTM.17.29_1,Tejutla (SanMarcos),1.0000000000000002,2
GTM.18.1_1,Barberena (SantaRosa),0.8514113529549274,1
GTM.18.2_1,Casillas (SantaRosa),0.24003478065107367,1
GTM.18.3_1,Chiquimulilla (SantaRosa),0.3182813815550305,1
GTM.18.4_1,Cuilapa (SantaRosa),0.9586638960698217,1
GTM.18.5_1,Guazacapán (SantaRosa),0.9444625401189118,1
GTM.18.6_1,NuevaSantaRosa (SantaRosa),0.9599210397375485,1
GTM.18.7_1,Oratorio (SantaRosa),0.8683443320635977,1
GTM.18.8_1,PuebloNuevoViñas (SantaRosa),0.2437301712825916,1
GTM.18.9_1,SanJuanTecuaco (SantaRosa),0.0,0
GTM.18.10_1,SanRafaélLasFlores (SantaRosa),0.0,0
GTM.18.11_1,SantaCruzNaranjo (SantaRosa),1.0,2
GTM.18.12_1,SantaMaríaIxhuatán (SantaRosa),0.6481332949244907,1
GTM.18.13_1,SantaRosadeLima (SantaRosa),0.8314400386271852,1
GTM.18.14_1,Taxisco (SantaRosa),0.623383228075599,1
GTM.19.1_1,Concepción (Sololá),0.9999999999999998,2
GTM.19.3_1,Nahualá (Sololá),0.5894852804373737,1
GTM.19.4_1,Panajachel (Sololá),0.9999999999999999,2
GTM.19.5_1,SanAndrésSemetabaj (Sololá),1.0000000000000004,2
GTM.19.6_1,SanAntonioPalopó (Sololá),1.0000000000000002,2
GTM.19.7_1,SanJoséChacayá (Sololá),0.9999999999999999,2
GTM.19.8_1,SanJuanLaLaguna (Sololá),1.0,2
GTM.19.9_1,SanLucasTolimán (Sololá),0.9534469224227131,1
GTM.19.10_1,SanMarcosLaLaguna (Sololá),1.0000000000000002,2
GTM.19.11_1,SanPabloLaLaguna (Sololá),1.0000000000000002,2
GTM.19.12_1,SanPedroLaLaguna (Sololá),1.0000000000000004,2
GTM.19.13_1,SantaCatarinaIxtahuacan (Sololá),0.448857382490026,1
GTM.19.14_1,SantaCatarinaPalopó (Sololá),1.0,2
GTM.19.15_1,SantaClaraLaLaguna (Sololá),0.9999999999999999,2
GTM.19.16_1,SantaCruzLaLaguna (Sololá),1.0000000000000002,2
GTM.19.17_1,SantaLucíaUtatlán (Sololá),1.0,2
GTM.19.18_1,SantaMaríaVisitación (Sololá),1.0,2
GTM.19.19_1,SantiagoAtitlán (Sololá),0.9443896487242658,1
GTM.19.20_1,Sololá (Sololá),1.0,2
GTM.20.1_1,Chicacao (Suchitepéquez),0.7139913526298893,1
GTM.20.2_1,Cuyotenango (Suchitepéquez),0.9144189857717869,1
GTM.20.3_1,Mazatenango (Suchitepéquez),0.9617628597176928,1
GTM.20.4_1,Patulul (Suchitepéquez),0.6962456063792176,1
GTM.20.5_1,PuebloNuevo (Suchitepéquez),0.9999999999999998,2
GTM.20.6_1,RíoBravo (Suchitepéquez),0.06826277505586345,1
GTM.20.7_1,Samayac (Suchitepéquez),1.0000000000000002,2
GTM.20.8_1,SanAntonioSuchitepéquez (Suchitepéquez),0.9994975994426845,2
GTM.20.9_1,SanBernardino (Suchitepéquez),1.0000000000000002,2
GTM.20.10_1,SanFranciscoZapotitlán (Suchitepéquez),1.0,2
GTM.20.11_1,SanGabriel (Suchitepéquez),1.0,2
GTM.20.12_1,SanJoséElIdolo (Suchitepéquez),0.12545772538036767,1
GTM.20.13_1,SanJuanBautista (Suchitepéquez),0.881814651075856,1
GTM.20.14_1,SanLorenzo (Suchitepéquez),0.5771518380957436,1
GTM.20.15_1,SanMiguelPanán (Suchitepéquez),1.0000000000000002,2
GTM.20.16_1,SanPabloJocopilas (Suchitepéquez),0.9999999999999999,2
GTM.20.17_1,SantaBárbara (Suchitepéquez),0.468590230023766,1
GTM.20.18_1,SantoDomingoSuchitepequez (Suchitepéquez),0.3922559842971936,1
GTM.20.19_1,SantoTomásLaUnión (Suchitepéquez),0.7859135681531499,1
GTM.20.20_1,Zunilito (Suchitepéquez),0.9962961265809538,1
GTM.21.1_1,Momostenango (Totonicapán),0.7623569517776403,1
GTM.21.2_1,SanAndrésXecul (Totonicapán),1.0,2
GTM.21.3_1,SanBartolo (Totonicapán),0.7740433373265053,1
GTM.21.4_1,SanCristóbalTotonicapán (Totonicapán),0.998085978649399,1
GTM.21.5_1,SanFranciscoElAlto (Totonicapán),0.6252859785341337,1
GTM.21.6_1,SantaLucíaLaReforma (Totonicapán),0.9322498846242405,1
GTM.21.7_1,SantaMaríaChiquimula (Totonicapán),0.6823434213126053,1
GTM.21.8_1,Totonicapán (Totonicapán),0.9455440906043234,1
GTM.22.1_1,Cabañas (Zacapa),0.0,0
GTM.22.2_1,Estanzuela (Zacapa),0.6346469971359056,1
GTM.22.3_1,Gualán (Zacapa),0.3948894668594125,1
GTM.22.4_1,Huité (Zacapa),0.0,0
GTM.22.5_1,LaUnión (Zacapa),0.012936286102048016,1
GTM.22.6_1,RíoHondo (Zacapa),0.4188796370181878,1
GTM.22.7_1,SanDiego (Zacapa),0.0,0
GTM.22.8_1,Teculután (Zacapa),0.0,0
GTM.22.9_1,Usumatlán (Zacapa),0.0,0
GTM.22.10_1,Zacapa (Zacapa),0.7127365168478677,1
