fips,nombre,poblacion,dist_km,hosp_cercano,ciudad_cercano,tipo_cercano,camas_cercano,uci_cercano
16073,Owyhee,11823.0,73.08,ST. LUKE'S ELMORE,MOUNTAIN HOME,CRITICAL ACCESS,21,
16033,Clark,845.0,69.08,MADISON MEMORIAL HOSPITAL,REXBURG,GENERAL ACUTE CARE,67,4.0
16037,Custer,4315.0,66.11,ST. LUKE'S WOOD RIVER MEDICAL CENTER,KETCHUM,SPECIAL,25,
16015,Boise,7831.0,55.87,ST. LUKE'S REGIONAL MEDICAL CENTER,BOISE,GENERAL ACUTE CARE,559,63.0
16049,Idaho,16667.0,51.89,SYRINGA HOSPITAL & CLINICS,GRANGEVILLE,GENERAL ACUTE CARE,15,
16043,Fremont,13099.0,50.75,MADISON MEMORIAL HOSPITAL,REXBURG,GENERAL ACUTE CARE,67,4.0
16035,Clearwater,8756.0,50.03,IDAHO STATE HOSPITAL NORTH,OROFINO,PSYCHIATRIC,55,
16085,Valley,11392.0,45.78,ST. LUKE'S MCCALL,MCCALL,GENERAL ACUTE CARE,15,
16063,Lincoln,5366.0,43.47,ST. LUKE'S JEROME,JEROME,GENERAL ACUTE CARE,25,
16051,Jefferson,29871.0,43.35,MADISON MEMORIAL HOSPITAL,REXBURG,GENERAL ACUTE CARE,67,4.0
16025,Camas,1106.0,42.14,ST. LUKE'S WOOD RIVER MEDICAL CENTER,KETCHUM,SPECIAL,25,
16013,Blaine,23021.0,40.04,ST. LUKE'S WOOD RIVER MEDICAL CENTER,KETCHUM,SPECIAL,25,
16019,Bonneville,119062.0,31.58,MOUNTAIN VIEW HOSPITAL,IDAHO FALLS,GENERAL ACUTE CARE,41,
16031,Cassia,24030.0,31.47,CASSIA REGIONAL MEDICAL CENTER,BURLEY,GENERAL ACUTE CARE,31,6.0
16083,Twin Falls,86878.0,29.83,ST. LUKE'S MAGIC VALLEY MEDICAL CENTER,TWIN FALLS,GENERAL ACUTE CARE,172,30.0
16039,Elmore,27511.0,29.71,ST. LUKE'S ELMORE,MOUNTAIN HOME,CRITICAL ACCESS,21,
16079,Shoshone,12882.0,28.39,SHOSHONE MEDICAL CENTER,KELLOGG,GENERAL ACUTE CARE,21,
16005,Bannock,87808.0,27.84,PORTNEUF MEDICAL CENTER,POCATELLO,GENERAL ACUTE CARE,137,20.0
16087,Washington,10194.0,27.08,WEISER MEMORIAL HOSPITAL,WEISER,CRITICAL ACCESS,19,
16003,Adams,4294.0,26.9,ST. LUKE'S MCCALL,MCCALL,GENERAL ACUTE CARE,15,
16067,Minidoka,21039.0,26.6,MINIDOKA MEMORIAL HOSPITAL,RUPERT,GENERAL ACUTE CARE,16,
16075,Payette,23951.0,25.87,VALOR HEALTH,EMMETT,GENERAL ACUTE CARE,13,
16059,Lemhi,8027.0,25.79,STEELE MEMORIAL MEDICAL CENTER,SALMON,CRITICAL ACCESS,18,
16071,Oneida,4531.0,24.02,NELL J. REDFIELD MEMORIAL HOSPITAL,MALAD CITY,GENERAL ACUTE CARE,11,
16057,Latah,40108.0,23.99,GRITMAN MEDICAL CENTER,MOSCOW,GENERAL ACUTE CARE,25,3.0
16069,Nez Perce,40408.0,23.5,ST. JOSEPH REGIONAL MEDICAL CENTER,LEWISTON,GENERAL ACUTE CARE,110,9.0
16053,Jerome,24412.0,21.55,ST. LUKE'S JEROME,JEROME,GENERAL ACUTE CARE,25,
16061,Lewis,3838.0,21.2,ST. MARY'S HOSPITAL AND CLINICS,COTTONWOOD,CRITICAL ACCESS,25,
16045,Gem,18112.0,20.32,VALOR HEALTH,EMMETT,GENERAL ACUTE CARE,13,
16001,Ada,481587.0,17.07,SOUTHWEST IDAHO ADVANCED CARE HOSPITAL,BOISE,GENERAL ACUTE CARE,40,
16023,Butte,2597.0,13.76,LOST RIVERS MEDICAL CENTER,ARCO,GENERAL ACUTE CARE,14,
16029,Caribou,7155.0,13.59,CARIBOU MEMORIAL HOSPITAL AND LIVING CENTER,SODA SPRINGS,GENERAL ACUTE CARE,25,
16009,Benewah,9298.0,13.17,BENEWAH COMMUNITY HOSPITAL,ST. MARIES,GENERAL ACUTE CARE,19,
16021,Boundary,12245.0,12.67,BOUNDARY COMMUNITY HOSPITAL,BONNERS FERRY,GENERAL ACUTE CARE,20,
16065,Madison,39907.0,10.64,MADISON MEMORIAL HOSPITAL,REXBURG,GENERAL ACUTE CARE,67,4.0
16041,Franklin,13876.0,10.36,FRANKLIN COUNTY MEDICAL CENTER,PRESTON,GENERAL ACUTE CARE,20,
16077,Power,7681.0,9.99,POWER COUNTY HOSPITAL DISTRICT,AMERICAN FALLS,GENERAL ACUTE CARE,10,
16047,Gooding,15179.0,9.96,NORTH CANYON MEDICAL CENTER,GOODING,GENERAL ACUTE CARE,16,
16081,Teton,12142.0,8.37,TETON VALLEY HEALTH CARE,DRIGGS,GENERAL ACUTE CARE,13,
16055,Kootenai,165697.0,7.42,KOOTENAI MEDICAL CENTER,COEUR D'ALENE,GENERAL ACUTE CARE,297,55.0
16011,Bingham,46811.0,4.93,BINGHAM MEMORIAL HOSPITAL,BLACKFOOT,GENERAL ACUTE CARE,25,5.0
16007,Bear Lake,6125.0,4.61,BEAR LAKE MEMORIAL HOSPITAL,MONTPELIER,GENERAL ACUTE CARE,21,
16017,Bonner,45739.0,4.4,BONNER GENERAL HOSPITAL,SANDPOINT,GENERAL ACUTE CARE,25,4.0
16027,Canyon,229849.0,3.23,WEST VALLEY MEDICAL CENTER,CALDWELL,GENERAL ACUTE CARE,112,13.0
