radio_km,pct_cubierta,ganancia_marginal_pp_por_km
1,22.677,22.677
2,34.136,11.46
3,41.46,7.323
4,47.055,5.595
5,52.019,4.964
6,56.692,4.674
7,60.948,4.255
8,64.928,3.981
9,68.665,3.736
10,72.139,3.474
11,75.359,3.22
12,78.151,2.792
13,80.669,2.518
14,82.894,2.226
15,84.889,1.995
16,86.897,2.008
17,88.479,1.583
18,89.969,1.49
19,91.24,1.27
20,92.422,1.182
21,93.333,0.911
22,94.037,0.704
23,94.657,0.62
24,95.336,0.678
25,96.019,0.684
26,96.652,0.632
27,97.128,0.477
28,97.467,0.339
29,97.779,0.312
30,98.039,0.26
31,98.232,0.193
32,98.4,0.168
33,98.568,0.169
34,98.723,0.155
35,98.842,0.119
36,98.95,0.108
37,99.046,0.096
38,99.161,0.115
39,99.248,0.087
40,99.356,0.108
41,99.427,0.07
42,99.494,0.067
43,99.568,0.074
44,99.642,0.074
45,99.695,0.054
46,99.748,0.053
47,99.79,0.042
48,99.841,0.051
49,99.879,0.038
50,99.918,0.039
