rank,fips,nombre,poblacion,dist_km,hab_por_cama,ocup_50km,C1,C2,C3,IVA,quintil,hospitales
1,16073,Owyhee,11823.0,73.078,1829.56,0.648,1.0,1.0,1.0,1.0,Muy alta,0
2,16033,Clark,845.0,69.079,1829.56,0.648,0.943,1.0,1.0,0.974,Muy alta,0
3,16037,Custer,4315.0,66.109,1829.56,0.648,0.9,1.0,1.0,0.955,Muy alta,0
4,16015,Boise,7831.0,55.865,1829.56,0.648,0.754,1.0,1.0,0.889,Muy alta,0
5,16043,Fremont,13099.0,50.755,1829.56,0.648,0.68,1.0,1.0,0.856,Muy alta,0
6,16051,Jefferson,29871.0,43.348,1829.56,0.473,0.574,1.0,0.708,0.75,Muy alta,0
7,16063,Lincoln,5366.0,43.473,1829.56,0.335,0.576,1.0,0.477,0.705,Muy alta,0
8,16025,Camas,1106.0,42.143,1829.56,0.34,0.557,1.0,0.485,0.698,Muy alta,0
9,16057,Latah,40108.0,23.992,1604.32,0.56,0.297,0.869,0.853,0.609,Muy alta,1
10,16003,Adams,4294.0,26.897,1829.56,0.28,0.339,1.0,0.385,0.579,Alta,0
11,16049,Idaho,16667.0,51.891,416.675,0.648,0.697,0.177,1.0,0.576,Alta,2
12,16075,Payette,23951.0,25.87,1829.56,0.237,0.324,1.0,0.312,0.558,Alta,0
13,16039,Elmore,27511.0,29.713,1310.048,0.45,0.379,0.697,0.669,0.549,Alta,1
14,16061,Lewis,3838.0,21.205,1829.56,0.263,0.257,1.0,0.357,0.537,Alta,0
15,16067,Minidoka,21039.0,26.599,1314.938,0.38,0.335,0.7,0.552,0.506,Alta,1
16,16035,Clearwater,8756.0,50.03,112.256,0.648,0.67,0.0,1.0,0.502,Alta,2
17,16013,Blaine,23021.0,40.041,920.84,0.34,0.527,0.471,0.485,0.499,Alta,1
18,16045,Gem,18112.0,20.32,1393.231,0.306,0.245,0.746,0.428,0.457,Alta,1
19,16005,Bannock,87808.0,27.843,640.934,0.61,0.352,0.308,0.937,0.454,Media,1
20,16017,Bonner,45739.0,4.397,1829.56,0.32,0.017,1.0,0.452,0.448,Media,1
21,16031,Cassia,24030.0,31.465,775.161,0.38,0.404,0.386,0.552,0.427,Media,1
22,16019,Bonneville,119062.0,31.581,445.925,0.53,0.406,0.194,0.803,0.411,Media,2
23,16053,Jerome,24412.0,21.547,976.48,0.4,0.262,0.503,0.586,0.411,Media,1
24,16085,Valley,11392.0,45.784,495.304,0.165,0.609,0.223,0.192,0.391,Media,2
25,16083,Twin Falls,86878.0,29.827,505.105,0.41,0.381,0.229,0.602,0.372,Media,1
26,16027,Canyon,229849.0,3.225,1105.043,0.493,0.0,0.578,0.741,0.35,Media,2
27,16047,Gooding,15179.0,9.961,948.688,0.413,0.096,0.487,0.608,0.335,Baja,1
28,16001,Ada,481587.0,17.075,403.002,0.528,0.198,0.169,0.8,0.308,Baja,7
29,16079,Shoshone,12882.0,28.388,613.429,0.18,0.36,0.292,0.218,0.308,Baja,1
30,16077,Power,7681.0,9.991,768.1,0.385,0.097,0.382,0.561,0.289,Baja,1
31,16071,Oneida,4531.0,24.016,411.909,0.32,0.298,0.174,0.452,0.285,Baja,1
32,16069,Nez Perce,40408.0,23.497,367.345,0.352,0.29,0.149,0.506,0.284,Baja,1
33,16087,Washington,10194.0,27.083,536.526,0.14,0.342,0.247,0.151,0.27,Baja,1
34,16059,Lemhi,8027.0,25.794,445.944,0.2,0.323,0.194,0.251,0.264,Baja,1
35,16011,Bingham,46811.0,4.927,357.336,0.648,0.024,0.143,1.0,0.261,Baja,2
36,16081,Teton,12142.0,8.369,934.0,0.23,0.074,0.479,0.301,0.261,Muy baja,1
37,16065,Madison,39907.0,10.64,595.627,0.38,0.106,0.281,0.552,0.257,Muy baja,1
38,16041,Franklin,13876.0,10.361,693.8,0.293,0.102,0.339,0.407,0.246,Muy baja,1
39,16055,Kootenai,165697.0,7.422,413.209,0.45,0.06,0.175,0.669,0.222,Muy baja,4
40,16021,Boundary,12245.0,12.672,612.25,0.13,0.135,0.291,0.134,0.19,Muy baja,1
41,16009,Benewah,9298.0,13.167,489.368,0.19,0.142,0.22,0.234,0.188,Muy baja,1
42,16029,Caribou,7155.0,13.593,286.2,0.12,0.148,0.101,0.117,0.126,Muy baja,1
43,16007,Bear Lake,6125.0,4.61,291.667,0.227,0.02,0.104,0.296,0.105,Muy baja,1
44,16023,Butte,2597.0,13.762,185.5,0.05,0.151,0.043,0.0,0.083,Muy baja,1
